State,Num1
END,395
END,392
END,392
END,395
END,391
END,395
END,394
END,391
END,395
END,392
END,392
END,395
END,391
END,395
END,394
END,391
END,395
END,392
END,393
END,395
END,391
END,395
END,394
END,391
END,395
END,392
END,393
END,395
END,391
END,395
END,394
END,391
END,395
END,392
END,393
END,395
END,391
END,395
END,394
END,391
END,395
END,392
END,393
END,395
END,390
END,395
END,393
END,391
END,395
END,392
END,393
END,394
END,391
END,395
END,393
END,391
END,395
END,391
END,393
END,394
END,390
END,394
END,393
END,391
END,394
END,391
END,393
END,394
END,390
END,394
END,392
END,390
END,394
END,390
END,392
END,393
END,389
END,393
END,391
END,390
END,393
END,389
END,392
END,393
END,389
END,393
END,391
END,389
END,393
END,389
END,391
END,392
END,388
END,392
END,390
END,389
END,392
END,388
END,391
END,391
END,387
END,392
END,389
END,388
END,391
END,388
END,390
END,391
END,387
END,391
END,388
END,388
END,391
END,387
END,390
END,390
END,387
END,390
END,388
END,387
END,390
END,386
END,390
END,389
END,386
END,390
END,387
END,387
END,390
END,386
END,389
END,389
END,385
END,389
END,386
END,386
END,389
END,385
END,389
END,388
END,385
END,389
END,386
END,386
END,388
END,384
END,388
END,387
END,385
END,388
END,385
END,386
END,388
END,384
END,388
END,387
END,384
END,388
END,385
END,385
END,387
END,383
END,387
END,386
END,383
END,387
END,384
END,385
END,387
END,383
END,387
END,385
END,383
END,386
END,383
END,385
END,386
END,382
END,386
END,385
END,383
END,386
END,383
END,384
END,386
END,382
END,386
END,384
END,382
END,386
END,383
END,384
END,385
END,381
END,385
END,384
END,382
END,385
END,382
END,384
END,385
END,381
END,385
END,383
END,381
END,385
END,381
END,384
END,384
END,380
END,384
END,383
END,382
END,385
END,381
END,383
END,384
END,380
END,384
END,382
END,381
END,384
END,381
END,383
END,384
END,380
END,384
END,382
END,381
END,384
END,381
END,383
END,384
END,380
END,384
END,382
END,381
END,384
END,380
END,383
END,383
END,380
END,384
END,381
END,381
END,384
END,380
END,383
END,383
END,379
END,384
END,381
END,381
END,383
END,380
END,383
END,383
END,379
END,383
END,381
END,381
END,383
END,380
END,383
END,383
END,379
END,383
END,381
END,381
END,383
END,379
END,383
END,382
END,379
END,383
END,381
END,381
END,383
END,379
END,383
END,382
END,379
END,383
END,381
END,381
END,383
END,379
END,383
END,382
END,379
END,383
END,380
END,381
END,383
END,379
END,384
END,382
END,379
END,383
END,380
END,381
END,383
END,379
END,383
END,382
END,379
END,383
END,380
END,382
END,383
END,379
END,383
END,382
END,380
END,383
END,381
END,382
END,383
END,379
END,383
END,382
END,380
END,384
END,380
END,382
END,383
END,379
END,383
END,382
END,380
END,384
END,380
END,382
END,384
END,379
END,384
END,382
END,380
END,384
END,380
END,383
END,383
END,379
END,384
END,382
END,380
END,384
END,380
END,383
END,383
END,379
END,384
END,382
END,380
END,384
END,380
END,383
END,384
END,380
END,384
END,382
END,380
END,384
END,380
END,383
END,383
END,380
END,384
END,382
END,381
END,384
END,380
END,384
END,383
END,380
END,384
END,382
END,381
END,384
END,381
END,383
END,384
END,380
END,384
END,382
END,381
END,384
END,381
END,384
END,384
END,380
END,384
END,382
END,382
END,384
END,381
END,384
END,384
END,381
END,385
END,382
END,382
END,385
END,381
END,385
END,384
END,381
END,385
END,382
END,382
END,385
END,381
END,385
END,384
END,381
END,385
END,382
END,383
END,385
END,381
END,385
END,384
END,381
END,385
END,382
END,383
END,385
END,381
END,385
END,384
END,381
END,385
END,383
END,383
END,385
END,381
END,386
END,384
END,382
END,385
END,382
END,384
END,385
END,382
END,386
END,386
END,382
END,386
END,383
END,384
END,386
END,382
END,386
END,385
END,382
END,386
END,383
END,384
END,386
END,382
END,386
END,385
END,383
END,386
END,383
END,384
END,386
END,382
END,387
END,384
END,383
END,386
END,383
END,385
END,386
END,382
END,386
END,385
END,383
END,386
END,383
END,385
END,386
END,382
END,386
END,385
END,383
END,387
END,383
END,385
END,386
END,383
END,387
END,385
END,384
END,387
END,383
END,386
END,387
END,383
END,387
END,385
END,384
END,387
END,384
END,386
END,387
END,383
END,387
END,385
END,384
END,388
END,384
END,386
END,387
END,383
END,387
END,385
END,384
END,388
END,384
END,387
END,387
END,383
END,387
END,385
END,385
END,388
END,384
END,387
END,387
END,383
END,388
END,385
END,385
END,388
END,384
END,387
END,387
END,384
END,388
END,385
END,385
END,388
END,384
END,387
END,387
END,384
END,388
END,385
END,385
END,388
END,384
END,387
END,387
END,384
END,388
END,385
END,385
END,388
END,384
END,388
END,387
END,384
END,388
END,385
END,386
END,388
END,384
END,388
END,387
END,384
END,388
END,386
END,386
END,388
END,384
END,388
END,387
END,384
END,388
END,385
END,386
END,388
END,384
END,388
END,387
END,384
END,388
END,385
END,386
END,388
END,384
END,388
END,387
END,384
END,388
END,385
END,386
END,388
END,384
END,388
END,387
END,384
END,388
END,385
END,386
END,388
END,384
END,388
END,386
END,384
END,388
END,385
END,386
END,388
END,384
END,388
END,386
END,384
END,388
END,385
END,387
END,388
END,384
END,388
END,386
END,384
END,388
END,385
END,387
END,388
END,384
END,388
END,386
END,384
END,388
END,385
END,387
END,388
END,384
END,388
END,386
END,385
END,388
END,384
END,387
END,388
END,384
END,388
END,386
END,384
END,388
END,384
END,387
END,387
END,383
END,388
END,386
END,385
END,388
END,384
END,387
END,387
END,384
END,388
END,386
END,385
END,388
END,384
END,387
END,387
END,383
END,387
END,385
END,385
END,388
END,384
END,387
END,387
END,383
END,387
END,385
END,385
END,387
END,384
END,387
END,386
END,383
END,387
END,384
END,384
END,387
END,383
END,386
END,386
END,383
END,387
END,384
END,384
END,388
END,383
END,386
END,386
END,383
END,387
END,384
END,384
END,387
END,383
END,386
END,386
END,382
END,387
END,384
END,384
END,386
END,382
END,386
END,385
END,382
END,386
END,383
END,384
END,386
END,382
END,386
END,385
END,382
END,386
END,383
END,384
END,386
END,382
END,386
END,385
END,382
END,386
END,383
END,383
END,386
END,382
END,385
END,384
END,382
END,385
END,383
END,383
END,385
END,381
END,385
END,384
END,382
END,386
END,382
END,384
END,385
END,381
END,385
END,384
END,381
END,385
END,382
END,383
END,385
END,381
END,385
END,384
END,381
END,385
END,382
END,383
END,385
END,381
END,385
END,383
END,381
END,385
END,381
END,383
END,385
END,381
END,385
END,383
END,382
END,385
END,382
END,384
END,385
END,381
END,385
END,383
END,381
END,385
END,381
END,384
END,384
END,380
END,384
END,382
END,381
END,384
END,381
END,383
END,384
END,380
END,384
END,382
END,381
END,384
END,381
END,383
END,384
END,380
END,384
END,382
END,381
END,384
END,380
END,383
END,384
END,380
END,384
END,382
END,381
END,384
END,380
END,383
END,384
END,380
END,384
END,382
END,381
END,384
END,380
END,384
END,383
END,380
END,384
END,382
END,381
END,384
END,380
END,384
END,383
END,380
END,384
END,382
END,381
END,384
END,380
END,384
END,384
END,380
END,384
END,382
END,381
END,384
END,380
END,384
END,383
END,380
END,384
END,381
END,381
END,384
END,380
END,384
END,383
END,380
END,384
END,382
END,382
END,384
END,380
END,384
END,383
END,380
END,384
END,381
END,382
END,384
END,380
END,384
END,383
END,380
END,384
END,381
END,382
END,384
END,380
END,384
END,383
END,380
END,384
END,381
END,382
END,384
END,381
END,384
END,383
END,380
END,384
END,381
END,382
END,384
END,380
END,384
END,383
END,380
END,384
END,381
END,382
END,384
END,380
END,384
END,383
END,380
END,384
END,381
END,383
END,384
END,380
END,384
END,383
END,381
END,384
END,381
END,383
END,384
END,380
END,384
END,383
END,381
END,385
END,381
END,383
END,384
END,380
END,384
END,383
END,381
END,385
END,381
END,383
END,384
END,380
END,385
END,383
END,381
END,385
END,381
END,384
END,384
END,380
END,385
END,383
END,381
END,385
END,381
END,383
END,384
END,380
END,385
END,383
END,381
END,385
END,381
END,384
END,384
END,380
END,385
END,383
END,382
END,385
END,381
END,384
END,384
END,381
END,385
END,383
END,382
END,385
END,381
END,384
END,384
END,381
END,385
END,383
END,382
END,385
END,381
END,384
END,384
END,381
END,385
END,383
END,382
END,385
END,381
END,384
END,384
END,380
END,385
END,382
END,382
END,385
END,381
END,384
END,384
END,381
END,385
END,383
END,382
END,385
END,381
END,385
END,384
END,381
END,385
END,382
END,382
END,385
END,381
END,385
END,384
END,381
END,385
END,382
END,383
END,385
END,381
END,385
END,384
END,381
END,385
END,382
END,383
END,385
END,381
END,385
END,384
END,381
END,385
END,383
END,383
END,385
END,381
END,385
END,384
END,381
END,385
END,382
END,383
END,385
END,381
END,385
END,384
END,381
END,385
END,382
END,383
END,386
END,381
END,385
END,384
END,381
END,385
END,382
END,383
END,385
END,381
END,385
END,384
END,382
END,385
END,382
END,383
END,385
END,381
END,385
END,384
END,382
END,385
END,382
END,384
END,385
END,381
END,385
END,383
END,381
END,385
END,382
END,384
END,385
END,381
END,385
END,383
END,382
END,385
END,382
END,384
END,385
END,381
END,385
END,383
END,382
END,385
END,382
END,384
END,385
END,381
END,385
END,383
END,382
END,385
END,381
END,384
END,385
END,381
END,385
END,383
END,382
END,385
END,381
END,384
END,384
END,380
END,385
END,383
END,381
END,385
END,381
END,384
END,385
END,381
END,385
END,383
END,382
END,385
END,382
END,384
END,385
END,381
END,385
END,383
END,382
END,385
END,381
END,384
END,384
END,381
END,385
END,383
END,382
END,385
END,381
END,384
END,384
END,382
END,385
END,382
END,382
END,385
END,381
END,384
END,384
END,381
END,385
END,382
START,382
START,385
START,384
START,381
START,382
START,385
START,384
START,382
START,383
START,385
START,384
START,381
START,383
START,385
START,384
START,381
START,383
START,385
START,384
START,381
START,383
START,385
START,384
START,382
START,383
START,385
START,384
START,381
START,383
START,385
START,384
START,381
START,383
START,385
START,383
START,380
START,382
START,383
START,382
START,379
START,381
START,383
START,382
START,379
START,381
START,383
START,382
START,379
START,381
START,383
START,382
START,379
START,381
START,383
START,382
START,379
START,381
START,383
START,382
START,379
START,381
START,383
START,381
START,378
START,381
START,383
START,381
START,378
START,381
START,383
START,381
START,378
START,381
START,382
START,381
START,378
START,381
START,382
START,380
START,378
START,381
START,382
START,380
START,377
START,381
START,382
START,379
START,377
START,380
START,381
START,379
START,377
START,380
START,381
START,379
START,376
START,380
START,380
START,378
START,376
START,379
START,380
START,378
START,376
START,379
START,380
START,377
START,375
START,379
START,379
START,377
START,375
START,378
START,379
START,376
START,374
START,378
START,379
START,376
START,374
START,378
START,379
START,376
START,374
START,377
START,378
START,375
START,374
START,377
START,378
START,375
START,373
START,377
START,377
START,374
START,373
START,376
START,377
START,374
START,373
START,376
START,376
START,374
START,372
START,376
START,376
START,373
START,372
START,376
START,376
START,373
START,372
START,375
START,376
START,373
START,372
START,375
START,375
START,372
START,371
START,375
START,375
START,372
START,371
START,375
START,375
START,372
START,371
START,375
START,374
START,371
START,371
START,374
START,374
START,371
START,370
START,374
START,374
START,371
START,370
START,374
START,374
START,371
START,371
START,374
START,374
START,371
START,370
START,374
START,374
START,371
START,370
START,374
START,373
START,370
START,370
START,373
START,373
START,371
START,370
START,373
START,373
START,370
START,370
START,373
START,373
START,370
START,370
START,373
START,373
START,370
START,370
START,373
START,373
START,370
START,370
START,373
START,373
START,370
START,370
START,373
START,373
START,370
START,370
START,373
START,373
START,369
START,370
START,373
START,372
START,369
START,370
START,373
START,372
START,369
START,369
START,372
START,372
START,369
START,369
START,372
START,372
START,369
START,370
START,372
START,372
START,369
START,370
START,372
START,372
START,369
START,370
START,372
START,372
START,369
START,369
START,372
START,372
START,369
START,369
START,372
START,372
START,369
START,370
START,372
START,372
START,369
START,370
START,372
START,372
START,369
START,370
START,373
START,372
START,369
START,370
START,372
START,372
START,369
START,370
START,372
START,372
START,369
START,370
START,372
START,372
START,369
START,370
START,372
START,372
START,369
START,370
START,373
START,372
START,369
START,371
START,373
START,372
START,369
START,370
START,373
START,371
START,369
START,371
START,373
START,372
START,369
START,371
START,373
START,372
START,369
START,371
START,373
START,371
START,369
START,371
START,373
START,371
START,369
START,371
START,373
START,372
START,369
START,371
START,373
START,371
START,369
START,372
START,373
START,371
START,369
START,371
START,373
START,371
START,368
START,371
START,373
START,371
START,368
START,371
START,373
START,371
START,368
START,371
START,372
START,371
START,368
START,371
START,372
START,371
START,368
START,371
START,372
START,370
START,368
START,371
START,372
START,371
START,368
START,371
START,372
START,370
START,368
START,371
START,372
START,370
START,368
START,371
START,372
START,370
START,368
START,371
START,372
START,369
START,368
START,371
START,372
START,369
START,367
START,371
START,371
START,369
START,367
START,371
START,371
START,369
START,367
START,371
START,371
START,369
START,367
START,371
START,371
START,369
START,367
START,370
START,371
START,369
START,367
START,370
START,371
START,369
START,367
START,370
START,371
START,368
START,367
START,371
START,371
START,368
START,367
START,371
START,371
START,368
START,367
START,371
START,371
START,368
START,367
START,371
START,371
START,368
START,367
START,371
START,371
START,368
START,367
START,371
START,371
START,368
START,367
START,371
START,371
START,368
START,367
START,371
START,371
START,368
START,367
START,371
START,371
START,368
START,367
START,371
START,371
START,368
START,367
START,371
START,371
START,368
START,367
START,371
START,371
START,368
START,367
START,371
START,371
START,368
START,367
START,371
START,371
START,368
START,367
START,371
START,371
START,368
START,368
START,371
START,371
START,368
START,368
START,371
START,371
START,368
START,368
START,371
START,371
START,368
START,368
START,371
START,371
START,368
START,368
START,371
START,371
START,368
START,368
START,372
START,371
START,368
START,368
START,371
START,371
START,368
START,368
START,371
START,371
START,368
START,368
START,371
START,371
START,368
START,368
START,372
START,371
START,368
START,369
START,372
START,371
START,368
START,369
START,372
START,371
START,368
START,369
START,372
START,371
START,368
START,369
START,372
START,371
START,368
START,369
START,372
START,371
START,368
START,369
START,372
START,371
START,368
START,369
START,372
START,371
START,368
START,369
START,372
START,371
START,368
START,370
START,372
START,371
START,369
START,370
START,372
START,371
START,368
START,370
START,372
START,371
START,369
START,370
START,373
START,371
START,369
START,370
START,372
START,371
START,368
START,371
START,373
START,372
START,369
START,371
START,373
START,371
START,369
START,371
START,373
START,371
START,369
START,371
START,373
START,371
START,369
START,371
START,373
START,371
START,369
START,371
START,373
START,371
START,369
START,371
START,373
START,371
START,369
START,372
START,373
START,371
START,369
START,372
START,373
START,371
START,369
START,372
START,373
START,371
START,369
START,372
START,373
START,371
START,369
START,372
START,373
START,371
START,369
START,372
START,373
START,370
START,368
START,372
START,373
START,370
START,368
START,372
START,373
START,370
START,368
START,372
START,373
START,370
START,368
START,372
START,372
START,370
START,368
START,372
START,372
START,370
START,368
START,372
START,372
START,369
START,368
START,372
START,372
START,369
START,368
START,371
START,372
START,369
START,367
START,371
START,371
START,369
START,367
START,371
START,371
START,368
START,367
START,371
START,371
START,368
START,367
START,371
START,371
START,368
START,367
START,371
START,371
START,368
START,367
START,371
START,371
START,368
START,367
START,371
START,371
START,368
START,367
START,370
START,370
START,368
START,367
START,371
START,370
START,367
START,367
START,370
START,371
START,367
START,367
START,370
START,370
START,367
START,367
START,370
START,370
START,367
START,367
START,370
START,370
START,367
START,367
START,370
START,370
START,367
START,367
START,370
START,370
START,367
START,367
START,370
START,370
START,367
START,367
START,370
START,370
START,366
START,367
START,370
START,370
START,366
START,367
START,370
START,369
START,366
START,367
START,370
START,370
START,366
START,367
START,370
START,369
START,366
START,367
START,370
START,369
START,366
START,367
START,370
START,369
START,366
START,368
START,370
START,369
START,366
START,368
START,370
START,369
START,366
START,368
START,370
START,369
START,366
START,368
START,370
START,369
START,366
START,368
START,370
START,369
START,366
START,368
START,370
START,368
START,366
START,368
START,370
START,369
START,366
START,368
START,370
START,368
START,366
START,368
START,370
START,368
START,366
START,368
START,370
START,368
START,366
START,369
START,370
START,368
START,366
START,369
START,370
START,368
START,366
START,369
START,370
START,368
START,366
START,369
START,370
START,368
START,366
START,369
START,370
START,368
START,366
START,370
START,370
START,368
START,366
START,369
START,370
START,368
START,366
START,369
START,370
START,368
START,366
START,370
START,370
START,368
START,367
START,370
START,370
START,368
START,366
START,370
START,370
START,368
START,366
START,370
START,370
START,368
START,366
START,370
START,370
START,368
START,366
START,370
START,370
START,368
START,367
START,370
START,370
START,368
START,367
START,370
START,371
START,368
START,367
START,370
START,370
START,368
START,367
START,370
START,371
START,368
START,367
START,370
START,370
START,368
START,367
START,371
START,371
START,368
START,367
START,371
START,370
START,368
START,367
START,371
START,371
START,368
START,367
START,371
START,371
START,368
START,368
START,371
START,371
START,368
START,368
START,371
START,371
START,368
START,368
START,371
START,371
START,368
START,368
START,371
START,371
START,368
START,368
START,371
START,371
START,368
START,368
START,371
START,371
START,368
START,368
START,371
START,371
START,368
START,369
START,371
START,371
START,367
START,369
START,371
START,371
START,367
START,369
START,371
START,371
START,368
START,369
START,371
START,371
START,368
START,369
START,372
START,370
START,368
START,369
START,371
START,370
START,368
START,369
START,372
START,371
START,368
START,370
START,372
START,371
START,368
START,370
START,372
START,371
START,368
START,370
START,372
START,370
START,368
START,370
START,372
START,370
START,368
START,370
START,372
START,370
START,368
START,371
START,372
START,370
START,368
START,371
START,372
START,370
START,368
START,371
START,372
START,370
START,368
START,371
START,372
START,370
START,368
START,371
START,372
START,370
START,368
START,371
START,372
START,370
START,368
START,371
START,372
START,370
START,369
START,372
START,372
START,370
START,368
START,372
START,372
START,370
START,368
START,372
START,372
START,370
START,368
START,372
START,372
START,370
START,369
START,372
START,373
START,370
START,368
START,372
START,372
START,370
START,369
START,372
START,372
START,370
START,369
START,373
START,373
START,370
START,369
START,372
START,373
START,370
START,369
START,373
START,373
START,370
START,369
START,373
START,373
START,370
START,369
START,373
START,373
START,370
START,370
START,373
START,373
START,370
START,369
START,373
START,373
START,370
START,369
START,373
START,373
START,370
START,369
START,373
START,373
START,370
START,370
START,373
START,373
START,370
START,370
START,373
START,373
START,369
START,370
START,373
START,373
START,370
START,370
START,373
START,373
START,370
START,370
START,373
START,373
START,370
START,370
START,373
START,373
START,369
START,370
START,373
START,373
START,370
START,370
START,373
START,373
START,369
START,371
START,373
START,373
START,370
START,371
START,373
START,373
START,370
START,371
START,373
START,373
START,369
START,371
START,374
START,372
START,369
START,371
START,373
START,372
START,369
START,371
START,373
START,372
START,369
START,371
START,373
START,372
START,369
START,372
START,373
START,372
START,370
START,372
START,374
START,372
START,369
START,372
START,374
START,372
START,369
START,372
START,374
START,372
START,369
START,372
START,374
START,372
START,370
START,373
START,374
START,372
START,369
START,373
START,374
START,372
START,369
START,373
START,374
START,372
START,369
START,373
START,374
START,372
START,369
START,373
START,374
START,372
START,370
START,373
START,374
START,372
START,370
START,373
START,374
START,372
START,370
START,373
START,374
START,372
START,370
START,374
START,374
START,372
START,370
START,373
START,374
START,371
START,370
START,374
START,374
START,371
START,370
START,374
START,374
START,371
START,370
START,374
START,374
START,371
START,370
START,374
START,374
START,371
START,370
START,373
START,374
START,371
START,370
START,373
START,373
START,371
START,370
START,374
START,373
START,371
START,370
START,373
START,374
START,370
START,370
START,373
START,373
START,370
START,370
START,373
START,373
START,371
START,371
START,374
START,373
START,370
START,370
START,374
START,373
START,370
START,370
START,374
START,373
START,370
START,370
START,374
START,373
START,370
START,370
START,374
START,373
START,370
START,370
START,373
START,373
START,370
START,370
START,373
START,373
START,370
START,370
START,373
START,373
START,369
START,370
START,373
START,373
START,369
START,370
START,373
START,372
START,369
START,370
START,373
START,372
START,369
START,370
START,373
START,372
START,369
START,370
START,373
START,372
START,369
START,370
START,373
START,372
START,369
START,370
START,372
START,371
START,368
START,370
START,372
START,371
START,368
START,370
START,373
START,371
START,368
START,370
START,373
START,371
START,368
START,370
START,372
START,371
START,368
START,371
START,372
START,371
START,368
START,371
START,372
START,370
START,368
START,371
START,372
START,370
START,368
START,371
START,372
START,370
START,368
START,371
START,372
START,370
START,368
START,371
START,372
START,370
START,368
START,371
START,372
START,370
START,368
START,371
START,372
START,370
START,368
START,371
START,372
START,369
START,368
START,371
START,372
START,369
START,368
START,372
START,372
START,369
START,368
START,371
START,372
START,369
START,368
START,371
START,372
START,369
START,368
START,371
START,372
START,369
START,368
START,372
START,372
START,369
START,368
START,372
START,372
START,369
START,368
START,372
START,372
START,369
START,368
START,371
START,372
START,369
START,368
START,372
START,372
START,369
START,368
START,372
START,372
START,369
START,368
START,372
START,372
START,369
START,368
START,372
START,372
START,369
START,368
START,372
START,372
START,369
START,369
START,372
START,372
START,368
START,368
START,372
START,372
START,368
START,369
START,372
START,372
START,369
START,369
START,372
START,372
START,368
START,369
START,372
START,371
START,369
START,369
START,372
START,371
START,368
START,369
START,372
START,372
START,368
START,369
START,372
START,371
START,368
START,369
START,372
START,371
START,368
START,370
START,372
START,371
START,368
START,370
START,372
START,372
START,368
START,370
START,372
START,371
START,368
START,370
START,372
START,371
START,368
START,370
START,372
START,371
START,368
START,370
START,372
START,371
START,368
START,371
START,373
START,371
START,368
START,371
START,372
START,371
START,368
START,371
START,372
START,371
START,368
START,371
START,372
START,371
START,368
START,371
START,372
START,371
START,368
START,371
START,373
START,371
START,368
START,371
START,373
START,371
START,368
START,372
START,373
START,371
START,368
START,372
START,373
START,370
START,368
START,372
START,373
START,370
START,368
START,372
START,373
START,370
START,368
START,372
START,373
START,371
START,368
START,372
START,373
START,370
START,368
START,372
START,373
START,370
START,369
START,372
START,373
START,370
START,369
START,373
START,373
START,370
START,369
START,373
START,373
START,370
START,369
START,373
START,373
START,370
START,369
START,373
START,373
START,370
START,369
START,373
START,373
START,370
START,369
START,373
START,373
START,370
START,369
START,373
START,373
START,370
START,369
START,373
START,373
START,370
START,369
START,373
START,373
START,370
START,370
START,373
START,373
START,370
START,370
START,373
START,373
START,370
START,370
START,373
START,373
START,370
START,370
START,373
START,373
START,370
START,370
START,373
START,373
START,370
START,370
START,373
START,373
START,370
START,370
START,373
START,373
START,370
START,370
START,373
START,373
START,370
START,370
START,373
START,373
START,370
START,371
START,373
START,373
START,370
START,371
START,373
START,373
START,370
START,371
START,374
START,373
START,370
START,371
START,374
START,373
START,370
START,371
START,373
START,373
START,370
START,371
START,373
START,372
START,369
START,372
START,373
START,372
START,370
START,372
START,374
START,372
START,369
START,372
START,374
START,372
START,369
START,372
START,374
START,372
START,369
START,372
START,374
START,372
START,370
START,372
START,374
START,372
START,369
START,373
START,374
START,372
START,369
START,373
START,374
START,372
START,369
START,373
START,374
START,372
START,370
START,373
START,374
START,372
START,370
START,373
START,374
START,371
START,369
START,373
START,374
START,371
START,369
START,373
START,374
START,371
START,370
START,373
START,374
START,371
START,369
START,373
START,374
START,371
START,370
START,373
START,374
START,371
START,370
START,374
START,374
START,371
START,370
START,373
START,374
START,371
START,370
START,373
START,374
START,371
START,370
START,373
START,374
START,371
START,370
START,374
START,373
START,371
START,370
START,374
START,373
START,370
START,370
START,373
START,373
START,370
START,370
START,374
START,373
START,370
START,370
START,374
START,373
START,370
START,371
START,374
START,373
START,370
START,370
START,374
START,373
START,370
START,370
START,374
START,373
START,370
START,370
START,374
START,373
START,370
START,371
START,374
START,373
START,370
START,370
START,373
START,373
START,370
START,370
START,374
START,373
START,370
START,370
START,373
START,373
START,369
START,371
START,373
START,373
START,370
START,371
START,373
START,372
START,369
START,371
START,373
START,372
START,369
START,371
START,373
START,372
START,369
START,371
START,373
START,372
START,369
START,371
START,373
START,372
START,369
START,370
START,373
START,371
START,368
START,371
START,372
START,371
START,368
START,371
START,372
START,371
START,368
START,371
START,372
START,371
START,368
START,371
START,372
START,371
START,368
START,371
START,372
START,370
START,368
START,371
START,372
START,370
START,368
START,371
START,372
START,370
START,367
START,371
START,372
START,370
START,367
START,371
START,372
START,370
START,367
START,371
START,372
START,369
START,368
START,371
START,371
START,369
START,367
START,371
START,371
START,369
START,367
START,371
START,371
START,369
START,367
START,371
START,371
START,369
START,367
START,371
START,371
START,369
START,367
START,371
START,371
START,368
START,367
START,371
START,371
START,368
START,367
START,371
START,371
START,368
START,367
START,371
START,371
START,369
START,367
START,371
START,371
START,368
START,367
START,371
START,371
START,368
START,367
START,371
START,371
START,368
START,367
START,371
START,371
START,368
START,367
START,371
START,371
START,368
START,367
START,371
START,370
START,368
START,367
START,371
START,370
START,367
START,367
START,371
START,370
START,367
START,368
START,371
START,370
START,367
START,367
START,371
START,370
START,367
START,368
START,371
START,370
START,368
START,368
START,371
START,370
START,367
START,368
START,371
START,370
START,367
START,368
START,371
START,370
START,367
START,368
START,371
START,370
START,367
START,368
START,371
START,370
START,367
START,368
START,371
START,370
START,367
START,368
START,371
START,370
START,367
START,368
START,372
START,370
START,367
START,369
START,371
START,370
START,367
START,369
START,371
START,370
START,367
START,369
START,371
START,370
START,367
START,369
START,371
START,370
START,367
START,369
START,371
START,369
START,367
START,369
START,371
START,370
START,367
START,370
START,371
START,369
START,367
START,370
START,371
START,369
START,367
START,370
START,371
START,369
START,367
START,370
START,371
START,369
START,367
START,370
START,372
START,369
START,367
START,371
START,372
START,369
START,367
START,371
START,372
START,369
START,367
START,370
START,371
START,369
START,367
START,370
START,371
START,369
START,367
START,371
START,372
START,369
START,367
START,371
START,371
START,369
START,367
START,371
START,372
START,369
START,368
START,371
START,371
START,368
START,368
START,371
START,372
START,369
START,368
START,371
START,371
START,369
START,368
START,371
START,371
START,369
START,368
START,371
START,371
START,369
START,368
START,371
START,372
START,369
START,368
START,372
START,372
START,369
START,368
START,372
START,372
START,369
START,368
START,372
START,371
START,369
START,368
START,372
START,372
START,369
START,369
START,372
START,372
START,368
START,369
START,372
START,372
START,368
START,369
START,372
START,372
START,368
START,369
START,372
START,372
START,369
START,369
START,372
START,372
START,368
START,369
START,372
START,371
START,368
START,369
START,372
START,371
START,368
START,369
START,372
START,372
START,368
START,369
START,372
START,371
START,368
START,369
START,373
START,371
START,368
START,370
START,372
START,371
START,368
START,370
START,372
START,372
START,368
START,370
START,372
START,371
START,368
START,370
START,372
START,371
START,368
START,370
START,372
START,371
START,368
START,370
START,372
START,371
START,368
START,370
START,373
START,371
START,369
START,371
START,372
START,371
START,368
START,371
START,373
START,371
START,368
START,371
START,373
START,371
START,368
START,371
START,373
START,371
START,368
START,371
START,373
START,371
START,368
START,371
START,373
START,371
START,368
START,372
START,373
START,371
START,369
START,372
START,373
START,371
START,368
START,372
START,373
START,370
START,368
START,372
START,373
START,370
START,368
START,372
START,373
START,371
START,368
START,372
START,373
START,370
START,368
START,372
START,373
START,370
START,369
START,372
START,373
START,370
START,368
START,373
START,373
START,370
START,369
START,372
START,373
START,370
START,368
START,372
START,372
START,370
START,368
START,372
START,372
START,369
START,368
START,372
START,372
START,369
START,368
START,372
START,372
START,369
START,368
START,372
START,372
START,369
START,368
START,371
START,371
START,368
START,368
START,371
START,371
START,368
START,368
START,371
START,371
START,368
START,367
START,371
START,370
START,367
START,367
START,370
START,370
START,367
START,367
START,370
START,370
START,367
START,367
START,370
START,370
START,366
START,366
START,369
START,369
START,366
START,366
START,369
START,369
START,366
START,366
START,369
START,368
START,366
START,366
START,369
START,368
START,365
START,366
START,368
START,368
START,365
START,366
START,368
START,367
START,364
START,366
START,368
START,367
START,365
START,365
START,368
START,367
START,364
START,365
START,368
START,367
START,364
START,365
START,368
START,367
START,364
START,365
START,367
START,366
START,364
START,365
START,367
START,366
START,363
START,365
START,367
START,366
START,363
START,365
START,367
START,366
START,363
START,365
START,367
START,365
START,363
START,365
START,367
START,365
START,363
START,366
START,367
START,365
START,363
START,366
START,368
START,365
START,363
START,366
START,367
START,365
START,363
START,366
START,367
START,365
START,363
START,366
START,367
START,365
START,363
START,366
START,367
START,365
START,363
START,366
START,367
START,364
START,363
START,366
START,367
START,364
START,363
START,366
START,367
START,364
START,363
START,366
START,367
START,364
START,363
START,366
START,367
START,364
START,363
START,366
START,367
START,364
START,363
START,367
START,367
START,364
START,363
START,366
START,367
START,364
START,363
START,367
START,367
START,364
START,363
START,367
START,367
START,364
START,363
START,367
START,367
START,364
START,363
START,367
START,367
START,364
START,363
START,367
START,367
START,364
START,364
START,367
START,367
START,364
START,364
START,367
START,367
START,364
START,364
START,367
START,367
START,364
START,364
START,367
START,367
START,364
START,364
START,367
START,367
START,364
START,364
START,367
START,367
START,364
START,364
START,367
START,367
START,364
START,364
START,367
START,367
START,364
START,365
START,367
START,367
START,364
START,364
START,368
START,367
START,364
START,365
START,367
START,367
START,364
START,365
START,367
START,367
START,364
START,365
START,368
START,367
START,364
START,365
START,368
START,367
START,364
START,366
START,368
START,367
START,364
START,366
START,368
START,367
START,364
START,366
START,368
START,367
START,364
START,366
START,368
START,367
START,364
START,367
START,368
START,367
START,364
START,367
START,368
START,367
START,364
START,367
START,369
START,367
START,364
START,367
START,368
START,367
START,365
START,367
START,369
START,367
START,364
START,368
START,369
START,367
START,365
START,368
START,369
START,367
START,365
START,368
START,369
START,367
START,365
START,368
START,369
START,367
START,365
START,368
START,369
START,367
START,366
START,369
START,370
START,367
START,365
START,369
START,369
START,367
START,365
START,369
START,369
START,367
START,366
START,369
START,369
START,367
START,365
START,370
START,370
START,367
START,366
START,369
START,370
START,367
START,366
START,369
START,370
START,367
START,366
START,369
START,370
START,367
START,366
START,370
START,370
START,367
START,366
START,370
START,370
START,367
START,366
START,370
START,370
START,367
START,366
START,370
START,370
START,367
START,366
START,370
START,370
START,367
START,367
START,370
START,370
START,367
START,367
START,370
START,370
START,367
START,367
START,371
START,370
START,367
START,367
START,371
START,370
START,367
START,367
START,371
START,370
START,367
START,368
START,371
START,371
START,367
START,368
START,371
START,370
START,367
START,368
START,371
START,371
START,367
START,368
START,371
START,370
START,368
START,368
START,371
START,370
START,367
START,368
START,371
START,370
START,367
START,368
START,371
START,370
START,367
START,369
START,371
START,370
START,368
START,369
START,371
START,370
START,367
START,369
START,371
START,370
START,367
START,369
START,371
START,370
START,367
START,369
START,371
START,370
START,367
START,369
START,371
START,370
START,367
START,370
START,372
START,370
START,367
START,370
START,372
START,370
START,367
START,370
START,372
START,370
START,367
START,370
START,372
START,370
START,367
START,370
START,372
START,370
START,367
START,370
START,372
START,370
START,367
START,371
START,372
START,370
START,368
START,371
START,372
START,370
START,368
START,371
START,372
START,370
START,368
START,371
START,372
START,370
START,368
START,371
START,372
START,370
START,368
START,371
START,372
START,370
START,368
START,371
START,372
START,369
START,368
START,371
START,372
START,369
START,368
START,372
START,373
START,369
START,368
START,372
START,372
START,369
START,368
START,372
START,372
START,369
START,368
START,372
START,372
START,369
START,368
START,372
START,372
START,369
START,368
START,372
START,372
START,369
START,368
START,372
START,372
START,369
START,368
START,372
START,372
START,369
START,369
START,372
START,372
START,369
START,369
START,372
START,372
START,369
START,369
START,372
START,372
START,369
START,369
START,372
START,372
START,369
START,369
START,372
START,372
START,369
START,369
START,372
START,372
START,369
START,369
START,372
START,372
START,369
START,369
START,373
START,373
START,369
START,369
START,372
START,372
START,369
START,370
START,372
START,372
START,369
START,370
START,372
START,372
START,369
START,370
START,373
START,372
START,369
START,370
START,373
START,372
START,369
START,370
START,372
START,372
START,369
START,370
START,373
START,372
START,369
START,370
START,373
START,372
START,369
START,371
START,373
START,372
START,369
START,371
START,373
START,372
START,369
START,371
START,373
START,372
START,368
START,371
START,373
START,372
START,369
START,371
START,373
START,371
START,369
START,371
START,373
START,371
START,369
START,371
START,373
START,371
START,369
START,372
START,373
START,372
START,369
START,372
START,373
START,371
START,369
START,372
START,373
START,371
START,369
START,372
START,373
START,371
START,369
START,372
START,373
START,371
START,369
START,372
START,373
START,371
START,369
START,372
START,373
START,371
START,369
START,372
START,374
START,371
START,369
START,373
START,373
START,371
START,369
START,373
START,373
START,371
START,369
START,373
START,373
START,370
START,369
START,373
START,373
START,371
START,369
START,373
START,373
START,371
START,369
START,373
START,373
START,370
START,369
START,373
START,373
START,370
START,370
START,373
START,373
START,370
START,369
START,373
START,373
START,371
START,370
START,373
START,373
START,370
START,370
START,373
START,373
START,370
START,370
START,374
START,373
START,370
START,370
START,373
START,373
START,370
START,370
START,373
START,373
START,370
START,370
START,374
START,373
START,370
START,370
START,373
START,373
START,370
START,370
START,374
START,373
START,370
START,370
START,374
START,373
START,370
START,371
START,374
START,373
START,370
START,371
START,374
START,373
START,370
START,371
START,374
START,373
START,370
START,371
START,374
START,373
START,370
START,371
START,374
START,373
START,370
START,371
START,374
START,373
START,370
START,372
START,374
START,373
START,370
START,372
START,374
START,373
START,370
START,372
START,374
START,373
START,370
START,372
START,374
START,373
START,370
START,372
START,374
START,373
START,371
START,372
START,374
START,373
START,370
START,372
START,374
START,373
START,370
START,373
START,374
START,373
START,370
START,373
START,374
START,373
START,370
START,373
START,374
START,373
START,370
START,373
START,374
START,373
START,370
START,373
START,374
START,373
START,370
START,373
START,374
START,372
START,370
START,373
START,374
START,372
START,370
START,373
START,374
START,372
START,370
START,374
START,374
START,372
START,370
START,374
START,374
START,372
START,370
START,374
START,374
START,372
START,370
START,374
START,374
START,372
START,370
START,374
START,374
START,372
START,370
START,374
START,374
START,371
START,371
START,374
START,374
START,371
START,370
START,374
START,374
START,371
START,370
START,374
START,374
START,371
START,370
START,373
START,374
START,371
START,370
START,373
START,374
START,371
START,370
START,373
START,373
START,370
START,370
START,373
START,373
START,370
START,370
START,373
START,373
START,370
START,370
START,373
START,373
START,370
START,369
START,373
START,373
START,370
START,369
START,373
START,373
START,370
START,370
START,373
START,372
START,369
START,370
START,373
START,372
START,369
START,369
START,372
START,372
START,369
START,369
START,372
START,372
START,369
START,369
START,372
START,372
START,369
START,370
START,372
START,372
START,369
START,369
START,372
START,372
START,368
START,369
START,372
START,371
START,368
START,369
START,372
START,371
START,368
START,370
START,372
START,371
START,368
START,370
START,372
START,371
START,368
START,370
START,372
START,371
START,368
START,370
START,372
START,371
START,368
START,370
START,372
START,370
START,367
START,369
START,371
START,370
START,368
START,369
START,371
START,370
START,367
START,370
START,372
START,370
START,368
START,370
START,372
START,371
START,368
START,370
START,372
START,370
START,368
START,370
START,372
START,370
START,368
START,371
START,372
START,370
START,368
START,371
START,372
START,370
START,368
START,371
START,372
START,370
START,368
START,371
START,372
START,370
START,368
START,371
START,372
START,370
START,368
START,372
START,372
START,370
START,368
START,371
START,372
START,370
START,368
START,372
START,372
START,370
START,368
START,372
START,373
START,370
START,368
START,372
START,372
START,370
START,368
START,372
START,373
START,370
START,369
START,372
START,373
START,370
START,368
START,372
START,373
START,370
START,368
START,373
START,373
START,370
START,369
START,372
START,373
START,370
START,369
START,373
START,373
START,370
START,369
START,373
START,373
START,370
START,369
START,373
START,373
START,370
START,369
START,373
START,373
START,370
START,369
START,373
START,373
START,370
START,369
START,373
START,373
START,370
START,370
START,374
START,373
START,370
START,370
START,373
START,373
START,370
START,370
START,373
START,373
START,370
START,370
START,373
START,373
START,370
START,370
START,374
START,373
START,370
START,370
START,374
START,373
START,370
START,370
START,374
START,374
START,370
START,370
START,373
START,373
START,370
START,370
START,374
START,373
START,370
START,371
START,374
START,373
START,370
START,371
START,374
START,373
START,370
START,371
START,374
START,373
START,370
START,371
START,374
START,373
START,370
START,372
START,374
START,373
START,370
START,371
START,374
START,373
START,370
START,372
START,374
START,373
START,370
START,372
START,374
START,373
START,370
START,372
START,374
START,373
START,370
START,372
START,374
START,373
START,370
START,372
START,374
START,373
START,370
START,372
START,375
START,373
START,370
START,372
START,374
START,373
START,370
START,373
START,374
START,373
START,370
START,372
START,374
START,372
START,370
START,373
START,375
START,373
START,370
START,373
START,374
START,372
START,370
START,373
START,375
START,372
START,370
START,373
START,375
START,372
START,370
START,373
START,375
START,372
START,370
START,374
START,375
START,372
START,370
START,374
START,375
START,372
START,370
START,374
START,375
START,373
START,370
START,374
START,375
START,372
START,371
START,374
START,375
START,372
START,371
START,374
START,375
START,372
START,371
START,375
START,375
START,372
START,371
START,375
START,375
START,372
START,371
START,375
START,375
START,372
START,371
START,375
START,375
START,372
START,371
START,375
START,375
START,372
START,371
START,375
START,376
START,372
START,371
START,375
START,375
START,372
START,371
START,375
START,375
START,372
START,372
START,375
START,375
START,372
START,372
START,375
START,376
START,372
START,372
START,375
START,375
START,372
START,372
START,375
START,375
START,372
START,372
START,375
START,375
START,372
START,372
START,375
START,376
START,372
START,372
START,376
START,375
START,372
START,372
START,376
START,375
START,372
START,372
START,376
START,375
START,372
START,372
START,376
START,376
START,372
START,373
START,376
START,375
START,372
START,373
START,376
START,375
START,372
START,373
START,376
START,375
START,372
START,373
START,376
START,375
START,372
START,373
START,376
START,375
START,372
START,373
START,376
START,375
START,372
START,373
START,376
START,375
START,372
START,373
START,376
START,375
START,372
START,374
START,376
START,375
START,372
START,374
START,376
START,375
START,372
START,374
START,376
START,375
START,372
START,374
START,376
START,375
START,372
START,374
START,376
START,375
START,372
START,374
START,376
START,375
START,372
START,374
START,376
START,375
START,372
START,374
START,376
START,375
START,372
START,374
START,376
START,374
START,372
START,375
START,376
START,374
START,372
START,375
START,377
START,374
START,372
START,375
START,376
START,375
START,372
START,375
START,376
START,374
START,372
START,375
START,376
START,374
START,372
START,375
START,376
START,374
START,372
START,375
START,376
START,374
START,372
START,375
START,376
START,374
START,372
START,376
START,376
START,374
START,372
START,376
START,376
START,374
START,372
START,376
START,376
START,374
START,372
START,376
START,376
START,374
START,372
START,376
START,376
START,374
START,372
START,376
START,376
START,374
START,372
START,376
START,376
START,374
START,372
START,376
START,376
START,373
START,372
START,376
START,376
START,374
START,373
START,376
START,376
START,373
START,372
START,376
START,377
START,374
START,373
START,376
START,376
START,373
START,373
START,376
START,376
START,373
START,373
START,376
START,376
START,373
START,373
START,376
START,376
START,374
START,373
START,376
START,376
START,373
START,373
START,376
START,376
START,373
START,373
START,376
START,376
START,373
START,373
START,377
START,376
START,373
START,373
START,377
START,376
START,373
START,373
START,376
START,376
START,373
START,373
START,376
START,376
START,373
START,373
START,376
START,376
START,373
START,373
START,376
START,376
START,373
START,373
START,376
START,376
START,372
START,373
START,376
START,376
START,373
START,373
START,376
START,375
START,373
START,374
START,376
START,375
START,372
START,374
START,376
START,375
START,372
START,374
START,376
START,375
START,372
START,374
START,376
START,375
START,372
START,374
START,376
START,375
START,372
START,374
START,376
START,375
START,372
START,374
START,376
START,375
START,372
START,374
START,376
START,374
START,372
START,374
START,376
START,374
START,372
START,374
START,376
START,374
START,372
START,374
START,376
START,374
START,371
START,374
START,376
START,374
START,372
START,375
START,376
START,374
START,371
START,374
START,376
START,374
START,371
START,375
START,376
START,374
START,372
START,375
START,376
START,374
START,372
START,375
START,376
START,374
START,371
START,375
START,376
START,373
START,371
START,375
START,376
START,374
START,371
START,375
START,376
START,373
START,372
START,375
START,376
START,373
START,372
START,375
START,376
START,373
START,372
START,375
START,376
START,373
START,371
START,375
START,376
START,373
START,372
START,375
START,376
START,373
START,372
START,375
START,376
START,373
START,372
START,376
START,376
START,373
START,372
START,376
START,376
START,373
START,372
START,376
START,376
START,373
START,372
START,376
START,376
START,373
START,372
START,376
START,376
START,373
START,372
START,376
START,376
START,373
START,372
START,376
START,376
START,373
START,372
START,376
START,376
START,372
START,372
START,376
START,376
START,373
START,372
START,376
START,375
START,373
START,373
START,376
START,375
START,373
START,372
START,376
START,375
START,372
START,372
START,376
START,376
START,372
START,373
START,376
START,375
START,372
START,373
START,376
START,375
START,372
START,373
START,376
START,375
START,372
START,373
START,376
START,375
START,372
START,373
START,376
START,375
START,372
START,373
START,376
START,375
START,372
START,373
START,376
START,375
START,372
START,374
START,376
START,375
START,372
START,373
START,376
START,375
START,372
START,374
START,376
START,375
START,372
START,374
START,376
START,375
START,372
START,374
START,376
START,375
START,372
START,374
START,376
START,375
START,372
START,374
START,376
START,375
START,372
START,374
START,376
START,375
START,372
START,374
START,376
START,375
START,372
START,375
START,376
START,375
START,372
START,375
START,376
START,375
START,372
START,375
START,378
START,375
START,372
START,375
START,377
START,375
START,372
START,375
START,377
START,375
START,372
START,376
START,377
START,375
START,372
START,376
START,377
START,375
START,372
START,376
START,377
START,375
START,372
START,376
START,377
START,375
START,372
START,376
START,377
START,375
START,373
START,376
START,377
START,374
START,373
START,376
START,377
START,374
START,373
START,377
START,377
START,374
START,373
START,377
START,377
START,374
START,373
START,377
START,377
START,375
START,373
START,377
START,377
START,374
START,373
START,377
START,377
START,374
START,373
START,377
START,377
START,374
START,373
START,377
START,377
START,374
START,373
START,377
START,377
START,374
START,373
START,377
START,377
START,374
START,374
START,378
START,377
START,374
START,374
START,377
START,377
START,374
START,374
START,378
START,377
START,375
START,374
START,377
START,377
START,374
START,374
START,378
START,377
START,374
START,374
START,377
START,377
START,374
START,374
START,378
START,377
START,374
START,374
START,378
START,378
START,374
START,374
START,378
START,377
START,374
START,375
START,378
START,378
START,374
START,375
START,378
START,377
START,374
START,375
START,378
START,377
START,374
START,375
START,378
START,378
START,374
START,375
START,378
START,377
START,374
START,375
START,378
START,377
START,374
START,375
START,378
START,377
START,374
START,375
START,379
START,377
START,374
START,376
START,378
START,377
START,374
START,376
START,378
START,377
START,374
START,376
START,378
START,377
START,375
START,376
START,379
START,377
START,374
START,376
START,378
START,377
START,374
START,376
START,378
START,377
START,374
START,376
START,378
START,377
START,374
START,377
START,379
START,377
START,375
START,377
START,378
START,377
START,374
START,377
START,378
START,377
START,375
START,377
START,379
START,377
START,374
START,377
START,379
START,377
START,375
START,377
START,379
START,377
START,375
START,377
START,379
START,377
START,375
START,378
START,379
START,377
START,374
START,378
START,379
START,377
START,375
START,378
START,379
START,377
START,375
START,378
START,380
START,377
START,375
START,378
START,379
START,377
START,375
START,378
START,379
START,376
START,375
START,379
START,379
START,376
START,375
START,378
START,379
START,377
START,375
START,379
START,379
START,376
START,375
START,379
START,380
START,376
START,375
START,379
START,379
START,376
START,375
START,379
START,379
START,376
START,375
START,379
START,379
START,376
START,375
START,379
START,380
START,376
START,375
START,379
START,379
START,376
START,375
START,379
START,379
START,376
START,376
START,379
START,379
START,376
START,376
START,379
START,380
START,376
START,376
START,379
START,379
START,376
START,376
START,379
START,379
START,376
START,376
START,379
START,379
START,376
START,376
START,379
START,380
START,376
START,376
START,379
START,379
START,376
START,376
START,379
START,379
START,376
START,376
START,379
START,379
START,376
START,376
START,379
START,379
START,376
START,377
START,380
START,379
START,376
START,376
START,380
START,379
START,376
START,376
START,380
START,379
START,376
START,377
START,380
START,379
START,376
START,377
START,380
START,379
START,376
START,377
START,380
START,379
START,376
START,377
START,380
START,379
START,376
START,377
START,380
START,379
START,376
START,377
START,380
START,379
START,376
START,377
START,380
START,379
START,376
START,377
START,380
START,379
START,376
START,377
START,380
START,379
START,376
START,378
START,380
START,379
START,376
START,378
START,380
START,378
START,376
START,378
START,380
START,378
START,376
START,378
START,381
START,379
START,376
START,378
START,380
START,379
START,376
START,378
START,380
START,378
START,376
START,378
START,380
START,378
START,376
START,379
START,380
START,378
START,376
START,379
START,380
START,378
START,376
START,379
START,380
START,378
START,376
START,379
START,380
START,378
START,376
START,379
START,380
START,378
START,376
START,379
START,380
START,378
START,376
START,379
START,380
START,378
START,376
START,379
START,381
START,378
START,376
START,379
START,380
START,378
START,376
START,379
START,380
START,378
START,376
START,380
START,380
START,377
START,376
START,380
START,380
START,377
START,376
START,380
START,380
START,378
START,376
START,380
START,380
START,377
START,376
START,380
START,380
START,377
START,376
START,380
START,380
START,377
START,376
START,380
START,380
START,378
START,376
START,380
START,380
START,378
START,376
START,380
START,380
START,377
START,376
START,380
START,380
START,377
START,377
START,380
START,380
START,378
START,377
START,380
START,380
START,377
START,377
START,380
START,380
START,377
START,377
START,381
START,380
START,377
START,377
START,380
START,380
START,377
START,377
START,380
START,380
START,377
START,377
START,381
START,380
START,377
START,377
START,381
START,380
START,377
START,377
START,381
START,380
START,377
START,377
START,381
START,380
START,377
START,378
START,381
START,380
START,377
START,378
START,381
START,380
START,377
START,378
START,381
START,380
START,377
START,378
START,381
START,380
START,377
START,378
START,381
START,380
START,377
START,378
START,381
START,380
START,377
START,378
START,381
START,380
START,377
START,378
START,381
START,380
START,377
START,378
START,381
START,380
START,377
START,379
START,381
START,380
START,377
START,379
START,381
START,380
START,377
START,379
START,381
START,380
START,377
START,379
START,381
START,380
START,377
START,379
START,381
START,380
START,377
START,379
START,381
START,380
START,378
START,380
START,381
START,380
START,377
START,380
START,381
START,380
START,377
START,380
START,382
START,380
START,377
START,380
START,381
START,380
START,377
START,380
START,382
START,380
START,377
START,380
START,382
START,379
START,377
START,381
START,382
START,379
START,377
START,381
START,382
START,379
START,378
START,381
START,382
START,379
START,377
START,381
START,382
START,379
START,377
START,381
START,382
START,379
START,378
START,381
START,382
START,379
START,378
START,381
START,382
START,379
START,378
START,381
START,382
START,379
START,378
START,381
START,382
START,379
START,378
START,381
START,382
START,379
START,378
START,382
START,382
START,379
START,378
START,382
START,382
START,379
START,378
START,382
START,382
START,379
START,378
START,382
START,382
START,379
START,379
START,382
START,382
START,379
START,378
START,382
START,382
START,379
START,378
START,382
START,382
START,379
START,378
START,382
START,382
START,379
START,379
START,382
START,382
START,379
START,378
START,382
START,382
START,379
START,379
START,382
START,382
START,379
START,379
START,382
START,382
START,379
START,379
START,382
START,382
START,379
START,379
START,382
START,382
START,379
START,379
START,382
START,382
START,379
START,379
START,382
START,382
START,379
START,379
START,382
START,382
START,379
START,379
START,382
START,382
START,379
START,379
START,382
START,382
START,379
START,379
START,382
START,382
START,379
START,380
START,382
START,382
START,379
START,380
START,383
START,382
START,379
START,380
START,383
START,382
START,379
START,380
START,382
START,382
START,378
START,380
START,382
START,381
START,378
START,380
START,382
START,381
START,378
START,380
START,383
START,381
START,378
START,380
START,382
START,381
START,378
START,381
START,382
START,381
START,378
START,380
START,382
START,381
START,378
START,381
START,382
START,381
START,378
START,381
START,382
START,381
START,378
START,381
START,383
START,381
START,378
START,381
START,382
START,381
START,378
START,381
START,382
START,381
START,378
START,381
START,382
START,380
START,378
START,381
START,383
START,380
START,378
START,381
START,382
START,380
START,378
START,381
START,382
START,380
START,378
START,381
START,382
START,380
START,378
START,382
START,382
START,380
START,378
START,382
START,383
START,380
START,378
START,382
START,382
START,380
START,378
START,382
START,383
START,380
START,378
START,382
START,382
START,380
START,378
START,382
START,382
START,380
START,378
START,382
START,382
START,380
START,378
START,382
START,382
START,381
START,378
START,382
START,383
START,380
START,378
START,382
START,382
START,380
START,379
START,382
START,382
START,380
START,378
START,382
START,382
START,379
START,379
START,383
START,383
START,379
START,379
START,383
START,382
START,379
START,379
START,382
START,382
START,379
START,379
START,383
START,382
START,379
START,379
START,383
START,382
START,379
START,379
START,383
START,383
START,379
START,379
START,383
START,382
START,380
START,379
START,383
START,383
START,379
START,379
START,383
START,382
START,379
START,380
START,383
START,382
START,379
START,379
START,383
START,382
START,379
START,380
START,383
START,382
START,379
START,380
START,383
START,382
START,379
START,380
START,383
START,383
START,379
START,380
START,383
START,382
START,379
START,380
START,383
START,382
START,379
START,380
START,383
START,382
START,379
START,380
START,383
START,382
START,379
START,381
START,383
START,382
START,379
START,381
START,383
START,382
START,379
START,381
START,384
START,382
START,379
START,381
START,383
START,382
START,379
START,381
START,383
START,382
START,379
START,381
START,383
START,382
START,379
START,382
START,384
START,382
START,379
START,382
START,384
START,382
START,379
START,382
START,384
START,382
START,379
START,382
START,384
START,382
START,379
START,382
START,384
START,382
START,380
START,382
START,384
START,382
START,379
START,382
START,384
START,382
START,379
START,383
START,384
START,382
START,379
START,383
START,384
START,382
START,379
START,383
START,384
START,382
START,379
START,383
START,384
START,381
START,379
START,383
START,384
START,382
START,380
START,383
START,384
START,382
START,380
START,383
START,384
START,382
START,380
START,383
START,384
START,381
START,380
START,384
START,384
START,381
START,380
START,384
START,385
START,381
START,380
START,384
START,384
START,381
START,380
START,384
START,384
START,381
START,380
START,384
START,384
START,381
START,380
START,384
START,384
START,381
START,380
START,384
START,384
START,381
START,380
START,384
START,384
START,382
START,380
START,384
START,384
START,381
START,380
START,384
START,384
START,381
START,381
START,384
START,384
START,381
START,381
START,384
START,384
START,381
START,381
START,385
START,384
START,381
START,381
START,384
START,385
START,381
START,381
START,384
START,384
START,381
START,381
START,384
START,384
START,381
START,381
START,385
START,384
START,381
START,382
START,385
START,385
START,382
START,382
START,385
START,385
START,382
START,382
START,385
START,385
START,381
START,382
START,385
START,384
START,382
START,382
START,385
START,385
START,381
START,382
START,385
START,384
START,381
START,383
START,385
START,385
START,381
START,383
START,385
START,384
START,381
START,383
START,385
START,384
START,381
START,383
START,385
START,384
START,381
START,383
START,385
START,384
START,381
START,383
START,385
START,384
START,382
START,383
START,385
START,385
START,382
START,384
START,385
START,384
START,381
START,384
START,386
START,384
START,381
START,384
START,386
START,384
START,381
START,384
START,385
START,384
START,382
START,384
START,385
START,384
START,381
START,384
START,386
START,384
START,381
START,384
START,385
START,383
START,380
START,384
START,385
START,383
START,380
START,384
START,385
START,383
START,381
START,385
START,387
START,385
START,383
START,387
START,388
START,386
START,383
START,387
START,388
START,385
START,382
START,386
START,387
START,384
START,382
START,386
START,387
START,384
START,382
START,386
START,386
START,384
START,382
START,386
START,386
START,384
START,382
START,386
START,387
START,384
START,382
START,386
START,386
START,383
START,382
START,386
START,386
START,383
START,382
START,385
START,386
START,383
START,382
START,386
START,386
START,383
START,382
START,386
START,386
START,383
START,382
START,386
START,386
START,383
START,382
START,386
START,386
START,384
START,382
START,386
START,386
START,383
START,383
START,386
START,386
START,383
START,383
START,386
START,386
START,383
START,383
START,386
START,386
START,383
START,383
START,386
START,386
START,383
START,383
START,386
START,386
START,383
START,383
START,386
START,386
START,383
START,383
START,386
START,386
START,383
START,383
START,386
START,386
START,382
START,383
START,386
START,385
START,382
START,383
START,386
START,385
START,382
START,383
START,386
START,385
START,382
START,383
START,386
START,385
START,382
START,383
START,385
START,385
START,382
START,382
START,385
START,385
START,382
START,382
START,385
START,384
START,382
START,382
END,385
END,382
END,383
END,385
END,381
END,385
END,384
END,381
END,385
END,382
END,383
END,385
END,381
END,384
END,384
END,381
END,385
END,382
END,382
END,385
END,381
END,384
END,383
END,380
END,384
END,382
END,383
END,384
END,380
END,384
END,383
END,381
END,384
END,381
END,382
END,384
END,380
END,384
END,383
END,381
END,384
END,381
END,382
END,384
END,380
END,384
END,382
END,381
END,384
END,381
END,382
END,384
END,380
END,384
END,382
END,380
END,384
END,381
END,383
END,384
END,379
END,384
END,382
END,380
END,384
END,381
END,382
END,383
END,380
END,384
END,382
END,380
END,384
END,380
END,383
END,383
END,379
END,384
END,381
END,380
END,384
END,380
END,383
END,384
END,379
END,384
END,382
END,381
END,384
END,380
END,383
END,383
END,379
END,383
END,381
END,381
END,384
END,380
END,383
END,383
END,380
END,384
END,381
END,381
END,384
END,380
END,383
END,383
END,379
END,384
END,381
END,381
END,383
END,380
END,383
END,383
END,379
END,384
END,381
END,381
END,383
END,380
END,383
END,383
END,380
END,384
END,381
END,381
END,383
END,379
END,383
END,382
END,380
END,384
END,381
END,382
END,383
END,379
END,383
END,382
END,380
END,384
END,381
END,382
END,383
END,379
END,383
END,382
END,380
END,384
END,381
END,382
END,384
END,380
END,384
END,382
END,380
END,384
END,380
END,382
END,383
END,379
END,383
END,382
END,381
END,384
END,381
END,382
END,383
END,380
END,384
END,382
END,380
END,384
END,380
END,383
END,383
END,379
END,384
END,382
END,380
END,384
END,380
END,383
END,384
END,380
END,384
END,382
END,381
END,384
END,380
END,383
END,383
END,380
END,384
END,382
END,381
END,384
END,380
END,383
END,383
END,379
END,384
END,381
END,381
END,384
END,380
END,383
END,383
END,380
END,384
END,381
END,381
END,384
END,380
END,383
END,383
END,380
END,384
END,382
END,382
END,384
END,380
END,384
END,383
END,380
END,384
END,381
END,382
END,384
END,380
END,384
END,383
END,380
END,384
END,382
END,382
END,384
END,380
END,384
END,384
END,381
END,384
END,382
END,382
END,384
END,380
END,384
END,384
END,381